Object,Criterion 1,Criterion 2,Criterion 3,Topsis Score,Rank
M1,250,40,3.5,0.3768000592501155,4
M2,200,50,4.0,0.39711360864329504,3
M3,300,45,3.8,0.7717731157211748,1
M4,275,48,3.9,0.764354124367522,2
